{
    "@odata.type":  "#microsoft.graph.androidDeviceOwnerCompliancePolicy",
    "description":  "Level 1 is the minimum security configuration for an enterprise mobile device owned by the organization.",
    "displayName":  "Fully managed basic security compliance (Level 1) v1.2",
    "scheduledActionsForRule":[{"ruleName":"PasswordRequired","scheduledActionConfigurations":[{"actionType":"block","gracePeriodHours":0,"notificationTemplateId":""}]}],
    "deviceThreatProtectionEnabled":  false,
    "deviceThreatProtectionRequiredSecurityLevel":  "unavailable",
    "advancedThreatProtectionRequiredSecurityLevel":  "unavailable",
    "securityRequireSafetyNetAttestationBasicIntegrity":  true,
    "securityRequireSafetyNetAttestationCertifiedDevice":  true,
    "osMinimumVersion":  "9.0",
    "osMaximumVersion":  null,
    "minAndroidSecurityPatchLevel":  null,
    "passwordRequired":  true,
    "passwordMinimumLength":  6,
    "passwordMinimumLetterCharacters":  null,
    "passwordMinimumLowerCaseCharacters":  null,
    "passwordMinimumNonLetterCharacters":  null,
    "passwordMinimumNumericCharacters":  null,
    "passwordMinimumSymbolCharacters":  null,
    "passwordMinimumUpperCaseCharacters":  null,
    "passwordRequiredType":  "numericComplex",
    "passwordMinutesOfInactivityBeforeLock":  5,
    "passwordExpirationDays":  null,
    "passwordPreviousPasswordCountToBlock":  null,
    "storageRequireEncryption":  true,
    "securityRequireIntuneAppIntegrity":  true
}