{
    "@odata.type":  "#microsoft.graph.androidDeviceOwnerCompliancePolicy",
    "description":  "This compliance policy is for devices used by specific users or groups who are uniquely high risk (for example, users who handle highly sensitive data where unauthorized disclosure causes considerable material loss to the organization).",
    "displayName":  "Fully managed high security compliance (Level 3) v1.1",
    "scheduledActionsForRule":[{"ruleName":"PasswordRequired","scheduledActionConfigurations":[{"actionType":"block","gracePeriodHours":0,"notificationTemplateId":""}]}],
    "deviceThreatProtectionEnabled":  true,
    "deviceThreatProtectionRequiredSecurityLevel":  "secured",
    "advancedThreatProtectionRequiredSecurityLevel":  "secured",
    "securityRequireSafetyNetAttestationBasicIntegrity":  true,
    "securityRequireSafetyNetAttestationCertifiedDevice":  true,
    "osMinimumVersion":  "11.0",
    "osMaximumVersion":  null,
    "minAndroidSecurityPatchLevel":  null,
    "passwordRequired":  true,
    "passwordMinimumLength":  6,
    "passwordMinimumLetterCharacters":  null,
    "passwordMinimumLowerCaseCharacters":  null,
    "passwordMinimumNonLetterCharacters":  null,
    "passwordMinimumNumericCharacters":  null,
    "passwordMinimumSymbolCharacters":  null,
    "passwordMinimumUpperCaseCharacters":  null,
    "passwordRequiredType":  "numericComplex",
    "passwordMinutesOfInactivityBeforeLock":  5,
    "passwordExpirationDays":  365,
    "passwordPreviousPasswordCountToBlock":  5,
    "storageRequireEncryption":  true,
    "securityRequireIntuneAppIntegrity":  true
}    